Image_name,Type,Mal-Ben,Contrast_R_1,Contrast_R_2,Contrast_R_3,Contrast_R_4,Dissimilarity_R_1,Dissimilarity_R_2,Dissimilarity_R_3,Dissimilarity_R_4,Homogeneity_R_1,Homogeneity_R_2,Homogeneity_R_3,Homogeneity_R_4,Energy_R_1,Energy_R_2,Energy_R_3,Energy_R_4,Correlation_R_1,Correlation_R_2,Correlation_R_3,Correlation_R_4,ASM_R_1,ASM_R_2,ASM_R_3,ASM_R_4,Contrast_G_1,Contrast_G_2,Contrast_G_3,Contrast_G_4,Dissimilarity_G_1,Dissimilarity_G_2,Dissimilarity_G_3,Dissimilarity_G_4,Homogeneity_G_1,Homogeneity_G_2,Homogeneity_G_3,Homogeneity_G_4,Energy_G_1,Energy_G_2,Energy_G_3,Energy_G_4,Correlation_G_1,Correlation_G_2,Correlation_G_3,Correlation_G_4,ASM_G_1,ASM_G_2,ASM_G_3,ASM_G_4,Contrast_B_1,Contrast_B_2,Contrast_B_3,Contrast_B_4,Dissimilarity_B_1,Dissimilarity_B_2,Dissimilarity_B_3,Dissimilarity_B_4,Homogeneity_B_1,Homogeneity_B_2,Homogeneity_B_3,Homogeneity_B_4,Energy_B_1,Energy_B_2,Energy_B_3,Energy_B_4,Correlation_B_1,Correlation_B_2,Correlation_B_3,Correlation_B_4,ASM_B_1,ASM_B_2,ASM_B_3,ASM_B_4
ISIC_0026626.jpg,akiec,malignant,510.7386087924321,705.7441727303758,467.8012731997122,696.3556893263373,5.0037247263958315,6.4707586140228806,4.653351893095876,6.404173994519718,0.6039248620451636,0.5796279554611552,0.6121780879021063,0.5799116156894649,0.4291918179644793,0.4234496061115699,0.4299840622965329,0.42367533924579553,0.9559448930393737,0.9391236141670757,0.9596464960745064,0.939933410250243,0.18420561660765472,0.17930956891604372,0.1848862938290287,0.17950079308503994,486.26746429234447,646.2503727444986,446.1601410542008,637.5181501463361,4.898174735670577,6.252514398533758,4.550163325909528,6.185751307859288,0.6314671055561891,0.6091526027884746,0.6382862685127935,0.6095890068054836,0.46890518727958447,0.4616634249127989,0.4699144856545093,0.46167514231003415,0.9361133074057397,0.9150929724254245,0.9414059494055385,0.9162401813983838,0.21987207465770217,0.2131331179022155,0.22081962382794199,0.21314393702699028,484.116457058064,647.2075508178339,444.51573496659626,639.7136058241384,4.862522723056982,6.216403731534959,4.508170007423951,6.14987860242224,0.6343187423036613,0.6156074438023945,0.6413243689446374,0.6168961994304814,0.49504796637047216,0.4931279615470966,0.4950799569843482,0.493740378994423,0.9384982217432447,0.9177776821559772,0.9435477843650564,0.9187295879135979,0.24507248900754014,0.24317518645959477,0.2451041638076241,0.24377956184955646
ISIC_0029932.jpg,akiec,malignant,496.4916898534614,768.7198262881195,520.5420081662966,740.82983889264,4.015644592839913,5.606002580396085,4.1875092798812785,5.458577956579823,0.7045347188502517,0.6844565976013969,0.7020810005163458,0.684901264777124,0.5987624815308064,0.5936991784290997,0.5986493610988459,0.5936165369775065,0.975804648840377,0.9625403850411535,0.974632593132458,0.9638994675563962,0.3585165092889292,0.352478714467388,0.3583810575440564,0.3523805929731674,651.5416471897623,934.2021557830683,679.6947698589528,903.1695773579885,4.5757855685401605,6.229855996073905,4.780478841870869,6.091693282419662,0.7158599466664595,0.6982826178705559,0.7132458705873106,0.6985675452276839,0.6289824239089137,0.6223770318298296,0.6283496733441187,0.6228174288883775,0.9539935924011186,0.934020131793313,0.9520005531132752,0.936211916638619,0.3956188895863324,0.3873531697493087,0.39482331199166076,0.3879015497271292,621.3911296605451,890.0188435812187,645.2536525612561,864.7706422359863,4.596123168243351,6.309424393291274,4.806050482553878,6.1755896055417825,0.714253528654075,0.6955460423113577,0.7118548622161959,0.6955766457274443,0.6397234785103642,0.6337318073216891,0.6391776644235277,0.6340266094760089,0.950691128475592,0.9293861573768522,0.9488035144704703,0.9313894620896038,0.4092461289574003,0.4016160036112145,0.4085480866979158,0.4019897415236435
ISIC_0029067.jpg,akiec,malignant,342.3128436282744,495.81691088715485,345.47903860430785,527.6961416764026,2.8636505286588907,3.786637714676912,2.8724536005939356,3.9660718867007954,0.7650544714869343,0.7482045132907799,0.7656256376439519,0.7464520635581126,0.668092326503706,0.6630552382929465,0.6676112606210131,0.6630823995937587,0.9807725643005851,0.9721824737803639,0.9806000610962706,0.9703938821722288,0.44634735673313447,0.4396422490277161,0.4457047953079782,0.4396782686510171,422.5901057317788,566.4214596711191,423.09376391982966,599.4137519474133,3.162400296790951,4.066926689248386,3.1633853006681885,4.265661774821646,0.7742935156276366,0.7600983691593923,0.7746916703692951,0.7579824702670628,0.6887535984680555,0.6833291113108604,0.6882314308109827,0.6828593479054873,0.9628690338111148,0.950281559478414,0.9628342608099965,0.9473856623430045,0.4743815194026954,0.46693867436489017,0.47366250235613244,0.4662968890219073,372.28301613801176,505.26103267884736,372.76796585004394,535.6596963759519,2.9440586162122266,3.8276117210943807,2.94962138084636,4.016556919290367,0.778862071045439,0.7647053437866895,0.7790688590536917,0.763042974312999,0.7036146337826954,0.7002961261839319,0.7030712499413736,0.7001042291438218,0.9651887586638279,0.9528054921729334,0.9651544818519483,0.9499660052465051,0.49507355287315663,0.4904146643482215,0.4943091824941255,0.49014593166506487
ISIC_0030245.jpg,akiec,malignant,190.84376553515202,265.38080542553473,168.82130660727773,265.7386549966466,1.6297495826377375,2.117370822194467,1.5141054194506438,2.1066699882135675,0.8564133216684356,0.8435451381360151,0.8563387531268027,0.8443123811470948,0.7893362833454586,0.7866692658456611,0.7897130601389698,0.7871273872190361,0.985746547536661,0.9802099578351824,0.9873938489407226,0.9801832721896662,0.6230517682056221,0.6188485338261513,0.6236467173540562,0.6195695237102664,273.58310146540697,356.5004443188607,242.93402375649782,355.80889455701003,1.9280764236690842,2.4631884618388296,1.799524870081675,2.4331718417110064,0.8553139479698998,0.8446947341907485,0.8555439180503355,0.8454707389844405,0.800127724366048,0.7975186016698412,0.800721391509668,0.7978503073263743,0.9723469845439592,0.9640179606663407,0.9754474367769906,0.9640877588288564,0.6402043752991904,0.6360359200094189,0.641154746821179,0.63656511290079,261.50651827119344,339.56625184514155,232.94131774313465,338.67585173508485,1.9919495455388605,2.550944224040867,1.8585857461024595,2.5281222230072187,0.8514398380019951,0.8389441803357861,0.8518968435502723,0.839560943383175,0.803090802396052,0.8000107458499532,0.8034593382462244,0.80020637752512,0.9677815776861419,0.9582211587355383,0.9713012071344028,0.958330709919314,0.6449548368931347,0.6400171934753984,0.6455469082150609,0.640330246631875
ISIC_0028224.jpg,akiec,malignant,670.2026228899994,895.1575826080237,551.521165553084,916.552037360003,4.439892413281375,5.660633349569474,3.8346622123237197,5.756115426230262,0.7155076253817461,0.692177730795262,0.7197609431247339,0.6921970771765749,0.5783471526014383,0.5722787103284894,0.579475701226734,0.572816177375782,0.968779814549364,0.9582864560348329,0.9743184983926911,0.9572895585646416,0.33448542892219135,0.3275029222952391,0.3357920883122151,0.32811837306340347,801.2203709886834,1025.0158504709307,673.7618596881977,1048.1927786102556,4.7411278056019075,5.9575907879131575,4.126662954714209,6.063111867961217,0.731366332771366,0.7114293742842817,0.7359060861426907,0.7102106273659823,0.6080424151295871,0.6019937848026291,0.6098180636767025,0.601805222787299,0.9505865657799804,0.9367552798845296,0.9584760989918343,0.9353252665418598,0.3697155785966212,0.3623965169409941,0.3718780707864029,0.3621695261740705,833.4531070302362,1065.1410703065173,694.8907572383083,1087.2692126075299,4.902604340567595,6.19517309844562,4.271818856718653,6.289502548791576,0.7281921816854765,0.7064250976909258,0.7340398559421529,0.7062861488740445,0.6265247965607869,0.6207655063426092,0.6288222775403852,0.6210677562283744,0.9468368070102972,0.9320230832663673,0.9557066394671436,0.9306107250295247,0.39253332070553537,0.38534981386479594,0.3954174567310773,0.3857251578265475
ISIC_0030133.jpg,akiec,malignant,452.1360230012989,667.8352822633353,482.21315887157255,682.1021487185662,3.7740048228528904,5.177541633978093,4.012527839643705,5.27205699179424,0.635604588690176,0.5983537920514324,0.6243604595752995,0.59660891053265,0.4413500402775034,0.4370968111319038,0.4402838080673605,0.436896589424662,0.9776153382537538,0.966939210089273,0.9761256926106405,0.9662329503361498,0.19478985805295387,0.1910536223016792,0.19384983164629632,0.19087862985090168,439.4927545909896,618.5223219099521,465.2366666666708,630.2259705299637,3.7823038397329003,5.146368669386012,4.038760207869384,5.24066093823794,0.6444957480535214,0.6070062522308928,0.6305687619012736,0.605254556058467,0.4638932705858343,0.45825853746383294,0.46262596590943966,0.458042501369052,0.9641101302882678,0.9494896642824611,0.9620097393116527,0.9485339663072951,0.2151969664948221,0.2100008871584912,0.21402278433364202,0.20980293306041803,406.6222296419998,576.5236306985422,430.68540460282355,589.539707976567,3.6370617696160386,4.9410004052784355,3.860319227913916,5.038917869798042,0.6433760853734543,0.6106291529275422,0.6322832506038607,0.6086378545164142,0.4729835770154014,0.4719791224854876,0.47174681355964543,0.47226033943823603,0.9661019837402038,0.9519360736634369,0.9640979658943116,0.9508509805527112,0.22371346412628412,0.2227642920621709,0.22254505610367886,0.22302982820631792
ISIC_0030730.jpg,akiec,malignant,195.90352068261961,270.13614004038567,184.67946176689168,280.8777323750505,1.4988610647375264,1.9495707396515138,1.4582590942836007,2.000085517436319,0.8854185421257437,0.8777353208513066,0.8847362737611021,0.8775040217197377,0.8388064143871959,0.8361844806589113,0.8389388143158134,0.8361576514491801,0.9800125497118447,0.9724838878658977,0.981167257870247,0.9713897474849228,0.7035962008171043,0.6992044856948131,0.7038183341656228,0.6991596180770084,252.228874049343,334.5159378474206,237.60131774313413,346.62035091894654,1.6817844555741102,2.16803804410472,1.648578322197478,2.2199434097661292,0.8914596468538363,0.8847397925344241,0.8900922761798227,0.8844133298920374,0.8494172765377931,0.8467389397328691,0.8494990764641744,0.8464577692866448,0.9674430054113942,0.9568887027228847,0.9693475897336021,0.9553287263772118,0.7215097096808817,0.7169668320599433,0.7216486809134852,0.7164907551857228,229.4270339454668,306.9077861766738,216.51419079435973,317.56325129857214,1.6231237247264036,2.11123215753062,1.5968411284335646,2.160854579458765,0.8926684483880175,0.8866792094385049,0.8913522496765329,0.8865502153827125,0.8605763874876282,0.8598033743614606,0.8604728790722554,0.8595917056492054,0.9677811547773459,0.9569677634341116,0.9696111692590509,0.9554737365097477,0.7405917187012565,0.7392618425633539,0.7404135756188963,0.7388979004209101
ISIC_0028816.jpg,akiec,malignant,426.0956371730692,575.9105115802143,406.6804417223502,637.0097787329686,3.376304952698951,4.333473383627751,3.2775463994061247,4.6462924473233755,0.6979238359808344,0.6707573326914421,0.6980701675456245,0.668629651050324,0.5424859872943257,0.5387471131870035,0.5418121374506815,0.5381173430105776,0.9801649314878806,0.9731942014177779,0.9810781092206322,0.9703503641921244,0.29429104641069936,0.29024845196733,0.2935603922888761,0.2895702748487636,539.2909998145084,695.5643890523091,516.0622568671162,759.2223602069121,3.955818957521785,5.037192648475222,3.84894580549371,5.370059973750086,0.6881017202228349,0.662828775097178,0.6858952958943605,0.6591574962759337,0.560235885715013,0.555548154341486,0.5593769672327809,0.5542192587013952,0.9652463081423723,0.9551646543134874,0.9667604596028704,0.9510615135400861,0.3138642476428852,0.30863375179223146,0.31290259147054356,0.30715898671552405,557.2275199406462,723.1135708735359,532.7520824053529,790.782536595921,3.9301057317751833,5.020156087912132,3.813218262806288,5.3461188097462085,0.6967626628623023,0.6726064445139629,0.6955831060444595,0.6702078564464622,0.5792059758465076,0.577157331401277,0.5785867767052908,0.5764947438904646,0.9669367588726747,0.9570873998558921,0.968405509472527,0.9530717722854356,0.33547956245630517,0.3331105851902435,0.33476265817821804,0.3323461897333324
ISIC_0031823.jpg,akiec,malignant,770.1504767204631,1133.6464486096338,776.6728953229391,1107.6946209532948,5.72067890929326,7.830370587951253,5.835367483296268,7.742205829314884,0.6068395005909308,0.5760582161667386,0.600234819531281,0.5732577072081041,0.43880967858886527,0.4307956355439967,0.4382578086078495,0.4309621794393373,0.9623872446422197,0.9446224080911356,0.9620638870778441,0.9458901285749904,0.19255393402326323,0.18558487960375603,0.19206990680575445,0.18572840010710354,980.4870153960338,1359.1080122401804,983.3868634001467,1334.3010213756752,6.444856241884603,8.633702793445906,6.570352635486323,8.567166509884972,0.6235005536578562,0.597385207423779,0.6182870853739764,0.5956054044554001,0.4781874710608072,0.46854815476246553,0.47838486298838806,0.4692084271005187,0.9407472569157593,0.9178436021777516,0.9405696939974083,0.9193430717846686,0.22866325747953037,0.21953737333131138,0.22885207713641884,0.22015654806214277,858.9975292153586,1212.4526028905295,864.2856867112181,1184.6754650475782,5.919376739009443,7.97524456127722,6.0373645137343255,7.922361322322941,0.6311963667357368,0.6094267661263623,0.6250379302590912,0.6067586649224659,0.49921051024771407,0.4974662381405772,0.498326991541991,0.4974913203286887,0.9454923085351261,0.9230460436820114,0.9451509801513353,0.9248090158506542,0.24921113354178304,0.24747265808973748,0.24832979049929158,0.24749761380238197
ISIC_0030491.jpg,akiec,malignant,400.7333481728834,541.3979646850403,403.52909428359453,608.5343166599321,3.122767575588955,4.009421790586558,3.1622271714922254,4.423389390632661,0.7447859524481606,0.7251743645314057,0.7421797900055045,0.7197248506394143,0.6202428622039177,0.6165428902773578,0.6196279219756058,0.6164204108661826,0.9750732596970092,0.9663180939434128,0.9749192200188751,0.9621412746425152,0.38470120811490793,0.38012513555155797,0.3839387616918074,0.37997412293243343,416.911311445004,540.6352718525104,418.73146250928505,607.2372551134083,3.219929512149888,4.08010009258204,3.2628953229398916,4.515629241014336,0.7559624422362604,0.7388301079132058,0.7532941109523691,0.732642322893353,0.6400679774933001,0.6360452436426155,0.6392925083847668,0.6351117543968549,0.9631006328200791,0.9521319265982607,0.9629701585429434,0.9462347971900115,0.40968701581236383,0.40455355196039405,0.4086949112768871,0.40336694057305095,414.16790205898906,540.9731698339342,417.18665924276644,605.553777453916,3.32026711185309,4.2387014735027915,3.3668671121010134,4.684072563403957,0.7485542569650229,0.7302558741077367,0.7460209782300504,0.7244700808368001,0.6505074738710881,0.6473612879904727,0.6499787857266344,0.6465310971062508,0.9611574117906055,0.9492466285978586,0.9609023023349996,0.9431875042315281,0.4231599735621443,0.4190766371886837,0.4224724218946701,0.4180024595254123
ISIC_0029315.jpg,akiec,malignant,321.0719013170104,469.9272358162058,327.43943207127114,466.10264695057776,2.423286959747739,3.343456614773796,2.500434298440999,3.3155444672078933,0.7836566549114931,0.759234098107743,0.7773009856492532,0.7596825205412037,0.6599788009280013,0.6569220054971695,0.6590801387303395,0.6566934099419612,0.981101500605657,0.9723399081703992,0.9807510235657467,0.9725648967835264,0.4355720176743623,0.4315465213064232,0.4343866292688036,0.4312462346612008,391.43213503988363,557.31374488291,398.4736117297707,552.5355548036794,2.6814245965498094,3.6825183769535217,2.767873051224936,3.6355544318482838,0.7860430517798122,0.7631664145369712,0.7796873285003091,0.7643454641727593,0.674233709520304,0.6706211833327542,0.6733980100466008,0.6705501291057437,0.9733686632162708,0.962075269990312,0.9729278066883386,0.9624002185963542,0.4545910950535097,0.44973277153462354,0.45346487993472195,0.4496374756437296,375.1733926915244,535.9876222806566,381.81635115070617,531.4534506285714,2.6612057132257396,3.6573539417962047,2.747138084632521,3.6144539339881026,0.7838430251917349,0.7626132558199434,0.7777752907989738,0.7637405889255608,0.6854002572509754,0.6840343632538368,0.6843546011407482,0.684123933360912,0.9738796919591588,0.9626745590048242,0.9734525535623579,0.962990099800659,0.46977351263970335,0.46790301011208196,0.4683412201025126,0.46802555619720565
ISIC_0031228.jpg,akiec,malignant,617.1645705805885,921.6938624507923,569.9761358574525,830.3114024487888,5.595184566870611,7.5779231161067315,5.290835189309588,7.042940907451691,0.5162865964524469,0.47933775123830114,0.5200204250844673,0.4818889310129231,0.3029339833181532,0.2973576525503057,0.303399519971448,0.29774512042878687,0.9695966660533615,0.9545830572171997,0.9719185295621678,0.9590859543707324,0.0917689982490031,0.08842157353022832,0.09205126871890505,0.0886521567391528,625.3208644036371,851.2577792981016,582.6459799554555,778.5959747314681,5.814910035243883,7.6642771359840385,5.4666852264291155,7.179322627541952,0.5199211473574349,0.4857562461419988,0.5271998744075109,0.48903247761592583,0.34054621642537397,0.3331859646625051,0.341739703749686,0.33452674304631225,0.9356570808822952,0.912373735426634,0.9400327579071316,0.9198535590129242,0.11597172552163765,0.11101288704808411,0.11678602511892314,0.1119081418131734,651.6405008347205,892.3684871965654,605.5839569413487,814.7979817885205,5.949556668521572,7.8880576759337,5.586176688938418,7.38846109514389,0.5170954848092796,0.4810910564314723,0.5260681288148737,0.4844024906677545,0.3525955322598818,0.34492923908838674,0.35389365501211606,0.3465987432181215,0.9350073501811825,0.9109647713794321,0.9395859913817568,0.9187044026951212,0.12432360936962936,0.11897617997809345,0.12524071905783463,0.12013068880038133
ISIC_0031570.jpg,akiec,malignant,350.3151363383431,545.5599309911723,370.50623979213395,495.4757000346041,3.1395770728992876,4.457693037021829,3.3109539717891834,4.131291573558202,0.688610707053169,0.6576202475585233,0.6809349461397005,0.6622921944972808,0.5395653009271911,0.5354631041659547,0.5387069843332539,0.5356886581578219,0.9807015407154557,0.9699626015938208,0.9795960327526855,0.9727201410175489,0.29113071396465035,0.28672073592304004,0.29020521496942875,0.28696233847892777,511.0812131330065,756.7782161063101,537.493155159617,689.4630880718364,3.9213837877944933,5.537544013593793,4.147654046028243,5.1019144751276775,0.6812829382542694,0.6537233437014075,0.6742843989042407,0.6584912024727403,0.5601195122240062,0.5548040207635035,0.5594292738872941,0.5555656049928662,0.9669838540992968,0.9511284014230997,0.9652884160669376,0.9554755057680439,0.31373386797405867,0.30780750145535013,0.3129611124820651,0.30865314145108946,445.69619736598617,665.4243709821085,469.25289532294875,607.3741053203369,3.612413281394935,5.104907585396844,3.812999257609567,4.723005305799494,0.6867448712430668,0.6603331591574286,0.6796660773104128,0.664576441778729,0.5702220125523113,0.5681465116689914,0.5688323082561978,0.5683762527702261,0.9703605816041833,0.955766702904511,0.9688067755744416,0.9596255122694776,0.3251531435992082,0.32279045872164347,0.3235701949160741,0.3230515647131239
ISIC_0030487.jpg,akiec,malignant,446.2749953626387,726.3826793728688,483.4805567928736,640.1482686437678,4.02569838619921,5.840037776398219,4.28312546399413,5.3159906451363526,0.599453957796888,0.5568414591562821,0.5924574791429197,0.5647099407302931,0.40225577802862844,0.39678464393293156,0.4016456216698662,0.3968118720682393,0.9791240914352851,0.9660278437551946,0.977379746525711,0.9700608999246187,0.1618097109574172,0.1574380536609833,0.16131920540657332,0.1574596618143007,603.8086254869223,900.1640930876146,644.7979324424624,806.6267349814854,4.636969022444812,6.561072463013903,4.911243504083178,5.990039077750367,0.6017939682153342,0.5630138635194346,0.593623620525214,0.5711941325580385,0.43253540184731465,0.4255324388987833,0.4310256976100064,0.42644520493987687,0.9636536378933646,0.9458161700036278,0.9611858237367604,0.9514463625799726,0.18708687385121794,0.18107785655514674,0.1857831520001927,0.18185551281621357,572.024878501204,850.8006960376028,608.1914662212337,763.8168104971072,4.725156742719317,6.715126547215226,4.9976280623608424,6.128183200657587,0.5920962457901219,0.5511451004558235,0.5844473455085782,0.5589785661615106,0.443041299702147,0.43563007461802983,0.44139235901693913,0.4368183207705533,0.9589877586356665,0.9390145467025117,0.9563956480607823,0.9452493830356727,0.19628559324176764,0.18977356191171024,0.1948272145985385,0.19081024536080604
ISIC_0025712.jpg,akiec,malignant,430.71493229455905,593.6694713907038,428.2291833704509,642.7122858810799,4.015989612316774,5.1654836754650875,4.0234966592427615,5.406055378117274,0.5733922786403891,0.539301400869614,0.5736457499919178,0.5385695255235937,0.37667765103620077,0.37232271608963663,0.3763015542250345,0.3717321963899966,0.9822066978302039,0.9754678507991639,0.982305179113897,0.9734413148082608,0.14188605279014985,0.13862420491636415,0.14160285971217657,0.13818482583293099,516.1810647375237,672.5380571182219,511.0127097253169,721.8502031968778,4.538104247820414,5.766087502928141,4.546295471417971,6.016344984774285,0.5661877959638367,0.5349793432005643,0.5655744301657687,0.5335708010936372,0.3960342299260274,0.39093290131537983,0.3953946611522694,0.3900418244298769,0.9674953641726359,0.9576328922843643,0.9678127932904964,0.9545263870512504,0.15684311127310152,0.1528285333308605,0.15633693806771795,0.15213262480458692,497.71896865145425,656.9954973210922,491.91557906458917,705.5935802432548,4.550918196994955,5.862696178857973,4.566403118040102,6.103829322069942,0.5591677674958381,0.5273282667133689,0.5585880621218885,0.5273430315105001,0.40300792293554927,0.400821205323845,0.4022208570983761,0.400538197509247,0.9706180263714945,0.9612070740786234,0.9709595593994151,0.9583375306771225,0.1624153859488256,0.16065763863725993,0.16178161788495227,0.16043084766395657
ISIC_0030191.jpg,akiec,malignant,267.838549434243,379.68581265733957,273.9310319227908,408.5596521299562,2.142760155815253,2.8101289826028957,2.1755530809205674,2.9818777398114396,0.7821720369526688,0.7635206905678189,0.7813322259242319,0.7600244184198274,0.6651797904160088,0.6615792548092878,0.6647995677577455,0.6613699411657071,0.9867883174170697,0.9812961936912182,0.986492545949991,0.9798738316147768,0.44246415357788543,0.4376871103940126,0.44195846529088534,0.43741019907753087,357.365219810797,482.33880149173336,364.77261321455103,514.8040572446453,2.4937896494156866,3.228874404631412,2.5431922791388177,3.4311826317806124,0.7788274649693371,0.7617354473356556,0.7769149785461341,0.7579330566745754,0.6781541900968102,0.6742621627597373,0.6775590506358332,0.6737703510901281,0.9772590537065792,0.9693473708077635,0.9767960922539736,0.967284203076461,0.4598931055458606,0.4546294641294384,0.4590862670985316,0.4539664860081144,342.28590242997825,464.14046052999686,350.1186636971074,498.6127101219342,2.4537599703209056,3.198088127577224,2.505946547884196,3.4009354863898165,0.7798193393973923,0.7629419835233054,0.7779966623918508,0.7593400902932175,0.6894630933201993,0.6870599770960031,0.6892283080718746,0.6869240443742146,0.9760510433903006,0.9675686359313428,0.9755119701923058,0.9651599209584907,0.47535935705065785,0.4720514121271603,0.4750356606476189,0.471864642739428
ISIC_0029371.jpg,akiec,malignant,152.31332220367278,225.41996497503945,157.09538233110788,224.787028120371,1.1923502133185016,1.6395588787549193,1.217943578322209,1.636424478808461,0.8888120575388643,0.8744121911619613,0.888722259807398,0.8746276942080023,0.7977785323237253,0.79507199761736,0.7976172460938666,0.7951271436396663,0.9872200150417452,0.9811099881415358,0.9868279579527095,0.9811628808254717,0.6364505866365971,0.6321394813952593,0.6361932712663638,0.6322271745525745,124.40449267297431,172.4106621652295,126.599209354121,172.58603983625537,1.059072528287894,1.427419864585014,1.0733667409057186,1.4246461251306206,0.8962565047843517,0.8818679165271156,0.8961206830679947,0.8823310693324907,0.8075874416351779,0.8044181709214415,0.8073402924943898,0.8044926891535885,0.9760024100274899,0.9667763814066597,0.9755987990871047,0.9667422178861769,0.652197475886852,0.6470885937085975,0.6517983478849267,0.6472084869015724,136.7804488963089,192.89273882603447,140.13426503340796,192.7842580990626,1.0797699870153983,1.458923744473923,1.0971529324424707,1.4567300363263462,0.8978887942967032,0.8858028682379895,0.897083055419591,0.8859557077173457,0.8178128877433115,0.8180349209951014,0.8171239820186361,0.8180128853609867,0.9797776462297915,0.9715139483156872,0.9792980285453473,0.9715297014660824,0.6688179193590542,0.6691811319674619,0.6676916019899923,0.6691450806166067
ISIC_0030344.jpg,akiec,malignant,736.7022852902974,1059.4175258690605,772.9546102449895,1116.7274001584224,5.097818586533086,6.861402262865962,5.296384558277718,7.1664466761605246,0.6160143080416106,0.5844554388796974,0.611711924741737,0.581513075645149,0.4358776410201908,0.43016340510264234,0.4344869766816809,0.43008530870283507,0.970227348753236,0.9571914013517716,0.9687686815366416,0.9548756583550613,0.1899893179413263,0.18504055508949996,0.18877893290598755,0.18497337276201292,884.1356742719375,1212.6322192518614,920.869268745359,1276.6103528152182,5.576327212020038,7.378154384999693,5.769320712694922,7.725054006120244,0.6294930336000958,0.6019594646974509,0.6264514146852139,0.5988835369867611,0.4703094429928475,0.4633637791003197,0.4686638877913653,0.4628144814653379,0.955910864892766,0.9395329567167452,0.9540882216189405,0.9363427922849574,0.2211909721682425,0.21470599178212985,0.21964583971971743,0.21419724425402958,884.5909552958583,1230.5412584448782,923.5758500371215,1296.1208249830224,5.481884622518958,7.27351078821067,5.665167037861966,7.6068503184596805,0.624494541429592,0.5993216413147795,0.6217860642632944,0.5964289782679058,0.46603111677601405,0.46511701311350434,0.4648220217522147,0.4651520717428626,0.9610824500350417,0.9458615237314343,0.9593750355031351,0.9429763586148321,0.21718500180349887,0.21633383588762778,0.21605951190581638,0.21636644984667722
ISIC_0026650.jpg,akiec,malignant,453.0042107215774,728.0690274436938,500.04349294729946,642.3464199798736,3.7279873863847266,5.372618060539128,3.9816369710468345,4.884346962829852,0.6668293481016336,0.6363882236530197,0.6651816541022139,0.6396404900608847,0.49659174610106427,0.49181016040889347,0.49676146485803513,0.49224153859797787,0.9790408791490518,0.966324063113706,0.976861575339073,0.9702890594803129,0.2466033622957039,0.24187723388142152,0.2467719529679009,0.24230173232130456,461.89303654238836,694.4280482318674,503.1068077208648,619.0332365375334,3.7595473938044974,5.313525512082368,3.999673348181163,4.837535461850074,0.6803175409830303,0.6494918920263831,0.6769227350888463,0.6533285915277294,0.5186228864452137,0.5122883528430054,0.5184587524093213,0.5135784662625443,0.965988932029268,0.948877626252765,0.9629474876527989,0.9544280382095587,0.26896969834476503,0.26243935645859967,0.2687994779498299,0.2637628410085874,440.91271749212115,668.8286416485096,481.42711581292286,593.4587638640787,3.7227490261547147,5.316247197445109,3.973440979955514,4.82600919870182,0.6791528426045478,0.6460902401114712,0.6752268157296574,0.6517364813072738,0.5347191276785447,0.5295885543178324,0.5342968269847668,0.5308715350694382,0.964673916888098,0.9464243270357064,0.96141998342113,0.9524617358308604,0.2859245455053037,0.28046403686445165,0.28547309932598974,0.2818245867469817
ISIC_0026083.jpg,akiec,malignant,301.639287701725,446.9860978394002,327.6374536005971,448.0964004595785,2.6042292710072434,3.574160348911257,2.7841054194506603,3.550516636859613,0.7000407474558253,0.6655489948423126,0.6932168464653091,0.6688946566241514,0.5102189075309281,0.5078971702177659,0.5095043920863187,0.5078557334035859,0.9855680891665679,0.9786159197518545,0.9843228673662897,0.9785628005059233,0.2603233336020538,0.2579595355152143,0.2595947255552492,0.2579174459508941,387.1236319792241,557.5712825012886,415.47474387528246,557.5994809463551,2.9995288443702326,4.114965179530955,3.2047661469933506,4.070392004491611,0.6929833231764273,0.6593571481788026,0.6858787686796429,0.6631566415594202,0.5226667686463516,0.5197867729152367,0.5218602393291097,0.5195011361657996,0.9802102224802584,0.9714905010660687,0.9787598827664539,0.9714890600203254,0.27318055104721883,0.2701782892976358,0.27233810939263575,0.26988143047755664,399.17628640326666,576.9258080468378,428.8396436525643,576.3786079992448,3.117032090521241,4.292904655495011,3.3396213808463378,4.250064138077328,0.6861836650906825,0.6523754548124452,0.6782010685631287,0.6564826628772533,0.5332343940208352,0.5315667395892335,0.5319383963449014,0.5315507880687422,0.9801801676332867,0.9713445929857524,0.9787064526207426,0.9713717943745334,0.28433891896676733,0.282563198637528,0.28295845750598536,0.28254624029650094
ISIC_0026905.jpg,akiec,malignant,576.4946132442973,838.3413112425997,529.023737936157,754.497071957372,4.433778519755143,6.00940691798893,4.159580549369033,5.460042907444255,0.6480161383957881,0.6210589375726933,0.6527494886678245,0.6304062320995182,0.5075252665694153,0.5022371075845763,0.5075792993746331,0.5028017352258176,0.9718799446001433,0.9591094848940713,0.9742005260499601,0.9631989932010879,0.25758189620635613,0.2522421122349212,0.25763674515364343,0.2528095849460932,680.9892153589353,946.2686288580705,627.1830066815216,855.5133128339537,4.86832498608794,6.508635401987916,4.561514476614733,5.896423512089702,0.657078834432632,0.6338891607365934,0.6607619776303855,0.6422188259098971,0.5314873469211434,0.5252272353133695,0.5319261895365118,0.5264358976446339,0.9567422972096685,0.9398837368860483,0.9601742628349259,0.9456493976891694,0.2824787999372758,0.2758636487149255,0.2829454711148331,0.27713475432891155,606.61267668336,849.819944897057,560.3676688938432,768.1910608252294,4.6386384715265985,6.230547571862774,4.335538233110673,5.621514699703823,0.6584120719528247,0.6363310658096111,0.663613999582566,0.6455045549683366,0.548125273142465,0.5453359810618207,0.5479370586287214,0.5459830153895944,0.9585234945599574,0.941891948466743,0.9616993697166486,0.9474734405144416,0.3004413150575018,0.29739133224065845,0.3002350202186949,0.29809745309391406
ISIC_0026468.jpg,akiec,malignant,444.75033574476356,768.8010901614384,529.2484743875292,638.1607616257501,3.370792060842172,5.268625139895601,3.9185040831477727,4.53227167774074,0.7196766382924168,0.682749727530882,0.7061358728365307,0.6897209842129873,0.54196771629278,0.5361002827210558,0.5406161304375707,0.537012572048058,0.9781558851193686,0.9622366950014,0.9739998271948791,0.9686537221078353,0.29372900550361125,0.28740351313359597,0.29226580048929246,0.28838250253767067,584.2878093118179,962.6072779056631,686.6995174461815,804.7424660997958,3.8074457429048425,5.872222077627658,4.4227394209354385,5.053890857442592,0.7279148109979882,0.6924558625146694,0.7143799470672375,0.6993499587039504,0.5664238111302926,0.5585580893784746,0.5639480949340163,0.5606121388638965,0.9674965483927395,0.9464621059354853,0.9618049132549841,0.9552421832801666,0.32083593381536535,0.31198713921013205,0.31803745377970627,0.31428597024155275,565.5201669449094,936.2322765113695,665.394417223466,784.3296213808785,3.8083880541643693,5.898765946213471,4.421536748329704,5.087558700283887,0.7232889038532984,0.6874963422026867,0.7092833158322891,0.6953000865995902,0.5819606655946203,0.5780487796404274,0.5801429974680756,0.5796343054474719,0.9678018808564058,0.9466818576730454,0.9621063215083813,0.9553327006198075,0.3386782162993335,0.3341403916437875,0.33656589751124355,0.33597592805157306
ISIC_0027950.jpg,akiec,malignant,770.8204563160818,1155.224851367009,859.5628916109885,1243.1475398864904,6.148165460953438,8.364278251429011,6.703953229398736,8.894304166930391,0.5409814386456095,0.5059667143377031,0.5300738717966416,0.4993189894970244,0.3522188700703057,0.3431376562893062,0.3501228922773761,0.34301357648943637,0.9689117511986897,0.9534088430533985,0.9653298696494662,0.9498628893900549,0.1240581324336029,0.11774345116371804,0.12258603969667511,0.11765831365607442,1034.7925023186779,1430.2494617979028,1140.1868448403775,1535.9397734160063,7.047371545167862,9.334938334492382,7.664298440979987,9.961621261865831,0.5514089840987717,0.5207296178265293,0.5406921465242341,0.5141982629896498,0.3958627741166805,0.3858751805734744,0.3929159610549579,0.38421469442761746,0.9428340920739824,0.9209865977886498,0.9370082215258618,0.9151478005846999,0.15670733593135402,0.14889965498261148,0.15438295245174122,0.14762093141410748,1064.7499758857339,1466.9281616354183,1171.0630512249447,1575.1612078036937,7.399272862177706,9.840536008418182,8.047475872308905,10.494625415038762,0.5424259473209594,0.5038895796672409,0.5308411739890248,0.4989868583347461,0.40766992376238903,0.3960160484156178,0.40483003145417384,0.395084879790262,0.9381181313004259,0.9147360753116421,0.9319328970517307,0.9084451584717019,0.16619476674043207,0.15682871060272097,0.1638873543671874,0.1560920622388858
ISIC_0029362.jpg,akiec,malignant,851.4992097941056,1275.8459421976768,930.3492390497446,1305.2536447159837,5.484273789649444,7.720454655309193,5.9818596881960575,7.923766782797075,0.6550135954508798,0.6196916355186602,0.6399822385932649,0.615113280444474,0.46792910870248117,0.4600408989376667,0.46598228286139004,0.4598560986798405,0.9625810942697516,0.9438980851291526,0.9591250492485153,0.9426049724514427,0.21895765077109844,0.21163762869537645,0.21713948794071253,0.21146763149304323,1095.447241699125,1574.129689051203,1185.9595434298371,1608.431996906533,6.033307364125384,8.378202720941932,6.589149962880517,8.602548419600772,0.6796305082126985,0.6482441490247974,0.6644095172546671,0.6441795613009859,0.5082436578802132,0.49953010273088244,0.505729811428491,0.4989454791303514,0.9488410273877572,0.9264286478289834,0.9446311134555577,0.9248254003990479,0.2583116157754592,0.24953032353432597,0.25576264216749717,0.24894659114461595,1116.6267482841706,1606.5102342062776,1209.3430215293208,1646.0187692182192,6.250728992765704,8.730222233790037,6.82793615441729,8.95220318942881,0.6705910960276316,0.6373323592990532,0.6565700194530537,0.634677617138062,0.5362166184181252,0.5292079881368379,0.5339568516992056,0.5288997667814899,0.9462665196173277,0.9226464420958158,0.9418273314318035,0.920744057404508,0.28752826186776925,0.2800610947078396,0.2851099194765275,0.27973496330151437
ISIC_0024646.jpg,akiec,malignant,468.4830717863102,684.7269539804851,493.3181737193782,700.3678551111743,3.215959933222024,4.403437800937843,3.3920786933927505,4.475718625325927,0.76015747311039,0.73645751479125,0.7524838276226989,0.7362062390411463,0.6375062334417523,0.6331405418355693,0.6372337376274704,0.6331277481272386,0.9787966093627455,0.9690378992340627,0.977671254669276,0.9683305570149503,0.40641419767708997,0.40086694571583836,0.40606683637067575,0.4008507454486681,596.2128250788337,827.1203676506192,622.0988158871559,845.0994567783841,3.575102949360029,4.809961665879713,3.7748812175204187,4.91422601142965,0.7665262899552394,0.7461966278569522,0.7597866788931467,0.7432411390459518,0.6579599827130657,0.6525962190631671,0.6575997956745855,0.6520984958830656,0.9665295919549972,0.9536037513597194,0.9650704798362654,0.9525949956864272,0.4329113388517777,0.42588182513554124,0.4324374912712565,0.4252324483329564,605.2691374513062,847.5909031756895,631.3330697847073,867.4485277987645,3.6144759784826466,4.883599614799841,3.8190608760207856,4.990124595186596,0.7612649409154161,0.7436122797314281,0.7529456345899188,0.7413966808419464,0.6663762241709693,0.6652593175654264,0.6651299621298974,0.6655320639898009,0.9678965029883388,0.9550783270647647,0.9665076663425878,0.9540256422134078,0.444057272140358,0.44256995960761686,0.4423978665229188,0.4429329281985245
ISIC_0027615.jpg,akiec,malignant,576.3143424225585,859.8553268067768,551.9056570155855,756.5294533205227,4.183865702096059,5.803793256020854,4.059161098737968,5.189053024528804,0.6785002333957099,0.6500711255034344,0.6807550582694396,0.6592914461117058,0.5292921674881141,0.523824628959663,0.5293270739426833,0.5244485831882265,0.9727376701511894,0.9593278458838753,0.973895384509443,0.9642152544250847,0.2801501985642659,0.27439224190472855,0.2801871512087229,0.27504631640813815,722.5848562418895,1028.1399994794795,691.3719747587219,910.47750705521,4.66352068261919,6.373186937397667,4.519279881217566,5.685466869429856,0.6847713392213716,0.6599069715130278,0.6867941375343418,0.6692059702245392,0.5551927965856986,0.5491644325655843,0.5554151671768806,0.5503806622245521,0.9594574092880458,0.9423077973638796,0.9612171033299667,0.9489101494601941,0.30823904138064895,0.3015815739950802,0.3084860079301222,0.3029188733507364,705.2891263216504,1006.4372655242345,676.9029398663694,892.3654717774035,4.713759970320894,6.481236359039544,4.569806978470721,5.7726500366239,0.6824086398607461,0.6556914252419811,0.6842951723019322,0.6646814274699561,0.5721824121797013,0.56734865180538,0.5720163877767087,0.5682680676771994,0.9597223764628697,0.9425146925904843,0.9613527506596524,0.9490301323373361,0.32739271280778165,0.3218844927053823,0.32720274788511405,0.3229285967415781
ISIC_0026319.jpg,akiec,malignant,361.83920608421386,555.0956159300811,365.7877060133645,516.0041420184739,3.362834353552178,4.604604556220573,3.3745508537491227,4.377868087495756,0.6688599729161987,0.6448656254191241,0.6686136588426966,0.6467977760666682,0.5201851796464503,0.5151060083985286,0.5197060273158859,0.5152671542395534,0.9825716772615236,0.9732889239970745,0.9823846068850163,0.9751699978142211,0.2705926211238098,0.26533419988826507,0.2700943548284603,0.26550024023812774,572.1227193470609,806.8094002253458,573.4997958426148,757.0443835494373,4.252357633092196,5.700737309026757,4.291124721603574,5.450368282698466,0.6630964933692952,0.6404818062360693,0.6611511934578781,0.6420477896719863,0.5428381666942957,0.5370569440982125,0.5424454298400674,0.5373443795095598,0.9662668547553737,0.9524734527700423,0.9661941051725351,0.9554049458350226,0.29467327522002396,0.2884301612041105,0.29424704435437543,0.2887389821905138,563.2492264885948,791.152771322681,558.4772271714975,746.4266650802797,4.242882582081247,5.702023788720065,4.2689717891611165,5.45941825834461,0.6627100612357917,0.6389260909155671,0.6603254695658187,0.6404674331177005,0.5550351985517947,0.5499477739651267,0.5542736075626916,0.5503296239753722,0.9641853797376355,0.9497323275762988,0.9645028536038778,0.9525740978872754,0.3080640716314302,0.3024425540891981,0.3072192320405607,0.30286269502487456
ISIC_0031659.jpg,akiec,malignant,502.7643220181806,689.1622191403035,464.04299183370443,679.9523667880158,3.2293043962159156,4.219586467423512,3.0192576095026165,4.166331413528929,0.7528539258948709,0.730898107750713,0.759367835557179,0.7314156561603359,0.6026248308907435,0.5994716857608494,0.6025197733232743,0.5992058519917426,0.9762807719752363,0.9674864991307154,0.9781213566026835,0.9679209960708643,0.36315668680609714,0.3593663020289546,0.3630300772455298,0.35904765306115016,619.9649230198482,826.7070209815281,570.814532293987,815.3465649876842,3.6068076423669106,4.6791943513874825,3.363225686711205,4.624321902502737,0.7515010719285544,0.7301126187771324,0.7571366750023982,0.7304699200948336,0.6200099068377983,0.6160256831508586,0.6200037387483477,0.6163708334699907,0.9678309168955617,0.9570970197164768,0.9703976871915595,0.9576865639362638,0.3844122845770153,0.37948764230148196,0.38440463606192943,0.379913004352491,619.7128065293991,828.8820640191129,571.8903897550072,817.6321337344098,3.6210090892227855,4.7024402214530525,3.37670007423902,4.65111488709845,0.752985574956156,0.7322090304613736,0.7582186677880759,0.7322368452817982,0.6349782843620967,0.6331436052429315,0.6348553107756817,0.6331525387704344,0.9682605695019116,0.9575444602855021,0.9707291749272796,0.9581206616517812,0.4031974216114317,0.40087082486001707,0.4030412656200874,0.4008821373514465
ISIC_0026132.jpg,akiec,malignant,444.5757670191055,754.8315566776391,513.5574870081655,633.6105461589857,3.7148729363754303,5.584764511007764,4.129305864884964,4.924837609824976,0.6284161694890397,0.5875310074117062,0.6199719523938376,0.593446883348966,0.4306692755219514,0.4256692379562433,0.4297062843962706,0.4259735047513362,0.9797970772824289,0.9656999690742534,0.9766540096885655,0.9712083592717561,0.18547602487860249,0.18119430014224888,0.1846474908496486,0.18145342675013668,562.624218141346,895.3734472078721,639.3590905716401,761.536216634274,4.264626228900016,6.28953973028557,4.706573867854514,5.5638053028248144,0.6220804722006932,0.5825489752168167,0.6134879222345478,0.5903172212485378,0.451621913593247,0.44431037044910004,0.44987771940859295,0.4456812154340806,0.9686909748936581,0.950179781014825,0.964409926418535,0.9576267827987808,0.20396235283762626,0.1974117052886165,0.20238996242027668,0.19863174579079937,580.7146540530512,940.7595509963,663.5493949517488,795.5378377474163,4.227664626228912,6.2459332740909925,4.650931700074282,5.52034757260631,0.6244259485446377,0.5901090927718058,0.6179529001713627,0.5968898006276835,0.4648573115898347,0.46385566049021343,0.4638954521424095,0.46418610841774627,0.9720297284116898,0.9546916080492341,0.9680308254893296,0.9616857617513466,0.21609232013852867,0.21516207376881216,0.21519899051841057,0.2154687432480117
ISIC_0027172.jpg,akiec,malignant,320.13333333333514,448.88259943263205,329.78690423162465,486.3985633070885,3.1317306622148036,4.104465125617853,3.191447661469954,4.340493249699909,0.6412278797728947,0.6091885228677428,0.6397500725433645,0.6063516689571867,0.45766709942873796,0.4549257282342491,0.4575334459501233,0.45445339606198687,0.9813961861426975,0.9739231518747695,0.9808392074459797,0.9717436769353306,0.2094591738995143,0.20695741820946187,0.20933685416299438,0.2065278891922731,390.4846559079966,521.8579629746807,399.4522568671128,563.1196388933432,3.5032276015581547,4.536108807924229,3.560170749814413,4.79307383129281,0.6411111447022175,0.6109274289534548,0.6391675000598214,0.6080146283447992,0.4742052735491965,0.47054129132635547,0.4737532379206268,0.4697124859840962,0.9710524793831983,0.9613268447326127,0.9703975010376187,0.9582689367406453,0.22487064146186828,0.22140910684307413,0.224442130440278,0.22062981948935975,353.49139677239947,475.8090246922462,361.94596139569694,513.1373781841463,3.345820812465217,4.356105759041764,3.4099480326651914,4.603793999650617,0.6439907039807844,0.6134353516603084,0.6414726770376535,0.6107970280804502,0.48593831102507673,0.48354892474522826,0.48531568416383936,0.4830184776020381,0.9721554522038284,0.9625328313563098,0.9714958377640328,0.9595933296923695,0.23613604212190423,0.23381956262226644,0.2355313132954155,0.23330684970499055
ISIC_0031506.jpg,akiec,malignant,467.81866073085325,679.2685916765921,455.41219005197644,669.5361682983558,4.958196994991698,6.559198515715138,4.935746102449984,6.559514558414329,0.5836437243197855,0.5545333326270322,0.5788848373194387,0.5505955194520271,0.41352670745738795,0.4068395271015599,0.4130765316350966,0.4068681176460111,0.9668921964552161,0.9519209836785237,0.9677578618150718,0.9526098780729176,0.17100433778054813,0.16551840081222088,0.17063222098768097,0.16554166515680832,499.90795770729517,676.311844908578,483.96103192279816,668.0707898464975,5.14848451122242,6.618837632133967,5.103622865627398,6.644849805355094,0.606434621763987,0.5824148416529964,0.6035533876659017,0.5776595940351104,0.45083428083717414,0.4430639193920599,0.4504326184587087,0.44278211595050965,0.9411837587741425,0.9204219912958915,0.943033855650564,0.9213916794292566,0.20325154877797202,0.19630563666705378,0.20288954377156865,0.19605600220561056,516.0578556854078,704.1940427810559,498.49410170750616,695.3491900011817,5.192754590984977,6.7298429825510055,5.161481069042388,6.767552453792955,0.6077096775262523,0.5834381457536869,0.6048504572513792,0.5797531189422862,0.47442072556643655,0.47013898404355303,0.4741890181399154,0.4703061090454885,0.9453222360855498,0.9253600768116091,0.9471505799749065,0.9262976600475348,0.22507502484698408,0.2210306643175042,0.224855224924497,0.2211878362055069
ISIC_0031286.jpg,akiec,malignant,190.3032535707687,271.2571286219592,170.03363771343973,261.3029659677913,2.1593989983305586,2.7637896865973275,2.020386043058662,2.700633200843415,0.7151102380009631,0.6957415327517628,0.7182775654673055,0.6965186858984536,0.5902259246743835,0.5876024472270696,0.5906153175148066,0.5876463278405452,0.9916951492617586,0.9881729390623957,0.992581387191144,0.9886069497329742,0.348366642157731,0.34527663598724107,0.3488264532831158,0.34532820662447744,182.2796141717688,245.81811556753294,163.5101336302923,237.47489319617077,2.2453941754776583,2.8432762845277915,2.1026429101707613,2.7883443452526224,0.7152383936560005,0.6961799731552898,0.7188219648253474,0.6967960756166502,0.5999829804949848,0.5971401705167939,0.6003054766095831,0.5972526060826691,0.9838363958292045,0.9782226104287146,0.9855041906713439,0.9789617488093094,0.35997957688364535,0.3565763832448257,0.36036666524745875,0.3567106754725398,155.5275904284949,209.72190473358935,139.40077208612075,203.29149919503251,2.182800964570591,2.7752638956540103,2.031930215293259,2.726771791144256,0.7125357587325748,0.6919191001626553,0.7167214014611282,0.6927950813136738,0.6034152572963888,0.6004161981448656,0.6038221455902326,0.6005865202551541,0.981649754332114,0.9752794293737047,0.9835564941533121,0.9760374011958282,0.36410997273806706,0.3604996109947345,0.36460118350519205,0.3607041683121947
ISIC_0026100.jpg,akiec,malignant,538.8735967352992,824.8391379842647,543.0269413511511,719.5675680700397,3.758345390465592,5.3419135827716975,3.780497401633289,4.786831058445729,0.6869280870129673,0.6534470453469565,0.6857818830341914,0.6593610546876502,0.5040315116143688,0.4996111604230339,0.5034064602850495,0.49979772948864626,0.9768288592300542,0.9645404780693918,0.9766566136809772,0.9690660603374484,0.2540477647002656,0.24961131161925051,0.2534180642567232,0.24979777040200601,709.6336227045055,1037.7736204736402,713.0800705270976,915.5692114920722,4.307694305323676,6.061784488624428,4.33927616926505,5.441017136950664,0.6863308179450615,0.653537695266593,0.6837296863822466,0.6604463396565236,0.5276275747832703,0.5216108336632008,0.5269394342063357,0.5229614911751316,0.964471825327064,0.9480370845863839,0.9643135427230658,0.9541560659657341,0.27839085767167543,0.2720778617948194,0.27766516732169316,0.27348872125211726,713.0826006306795,1053.4055088101811,717.6184261321429,926.7886417972263,4.283646818772016,6.030366126171817,4.309294729027479,5.41427248829724,0.6857740038775215,0.6567509550238583,0.6835593885819335,0.6622534871157298,0.5388398939576972,0.5382087460947157,0.5377212639061577,0.5385518319613292,0.9667158090189372,0.9508238820258906,0.9665171239929742,0.9567347987073304,0.2903484313203423,0.28966865437284617,0.2891441576568357,0.2900380757089038
ISIC_0027550.jpg,akiec,malignant,173.5806306807656,260.85064565666653,174.91261321455417,244.83093574667848,1.8268039324800676,2.42978088945587,1.833125463994079,2.34034080557442,0.8266440959122132,0.8171101370602838,0.8268929077466114,0.8170636047407895,0.7726330427444306,0.7700135729810397,0.7729878316441048,0.7702537464694665,0.984905490665183,0.9773206634714192,0.9847768025825877,0.9787133287734043,0.596961818740517,0.5929209025750269,0.5975101878698549,0.5932908339502493,241.98089037284527,339.94314949565756,241.3964291017123,322.53761837659863,2.199506585049159,2.8626180977205666,2.2023236822569032,2.771586645894743,0.8289168136582704,0.8217138511797292,0.8292406231657226,0.8216444568970444,0.78200016330132,0.7789994873074556,0.7821200663149093,0.7797254277125814,0.9708216567000112,0.9589888106445662,0.9708524980098365,0.961087998024735,0.6115242554032913,0.6068402012252787,0.6117117981324381,0.607971742621568,235.98586533110972,327.9903105026813,234.7534298441012,312.4249249863527,2.333496568354674,3.043900189997626,2.336540460282136,2.9491840521137207,0.8243461436490375,0.8144237034356429,0.8243710683690768,0.814858304035236,0.7865631441208124,0.7832937203643909,0.7865308740058157,0.7836487617520689,0.9624144988998256,0.9477333429211705,0.9625624604241846,0.950212603078515,0.6186815796892179,0.6135490523622887,0.6186308157643523,0.6141053817955509
ISIC_0027753.jpg,akiec,malignant,215.2539046559093,358.1663871857842,253.58279881217703,339.99944227760335,2.0731589686514575,2.9833687177219463,2.305434298440993,2.8866893969534777,0.7683961789819227,0.7481888579135295,0.7638025063756632,0.7484814214332498,0.668948689866776,0.6653385841691765,0.6683218556355954,0.6653039201289388,0.9896753672421201,0.9828436993384392,0.9878410255869062,0.9837139026296977,0.4474923496744761,0.44267543158424427,0.4466541027202056,0.44262930613893336,274.7813244296057,424.8799074924559,318.3261395694161,407.2527783871555,2.4157670191059193,3.4071782592369266,2.6791165553081107,3.3193704429432582,0.7661743754223868,0.7474006276158323,0.7609585943697733,0.7475012915239716,0.6800739475309376,0.6754537783442346,0.6790627168171178,0.6759007199754344,0.9797194277874647,0.9686843110049035,0.9765136374954134,0.969983515046335,0.4625005741103125,0.4562378066795024,0.46112617337104517,0.45684178326331065,279.03143758115726,434.0811374562839,320.1016926503384,413.91444538226347,2.470272676683358,3.502437246933608,2.722524127691179,3.4069105524799723,0.7640470218170365,0.7466434234574962,0.760012992562322,0.7471148132055581,0.6900251852273235,0.6869601927479889,0.6889225398243427,0.6870868024588698,0.978204911188606,0.9661416028040233,0.975005713610512,0.9677146079670026,0.476134756248002,0.47191430642035415,0.4746142658780231,0.4720882741131539
ISIC_0029811.jpg,akiec,malignant,561.3084993507698,816.2824826827464,525.1319524870125,784.0755788229371,4.19259506585048,5.6512004045348245,4.019606533036406,5.497458644883444,0.6790456292484146,0.6457639327258645,0.6761180359901939,0.6468284574028648,0.5057174465264406,0.49908085720225415,0.5054863002368263,0.49928744788848783,0.9767616996096788,0.9662240546357637,0.9782672742529479,0.9675567665144985,0.2557501357212233,0.2490817020257368,0.2555163997271149,0.24928795561899947,722.4261472825118,978.6422024830018,676.9819265033412,949.7432617837576,4.702392877017255,6.209588363679775,4.518400148478127,6.055809422534306,0.6816012112174906,0.6508784514225866,0.6790831078028053,0.6525153341092155,0.5332784853546326,0.5254211896669859,0.5332390960488008,0.5262425101676173,0.9563042405140867,0.9408319052317037,0.9590714001660762,0.9425792909112441,0.2843859429421311,0.27606742655107075,0.2843439335549422,0.2769311795075147,646.2459024299767,887.7602946261741,606.5811729769853,858.2045688619993,4.378434427749958,5.81694435045802,4.206087602078726,5.668828150852845,0.6917412237625119,0.6629540520968363,0.6889151722834324,0.6644706524533681,0.5553425450912739,0.5517903473486099,0.5551906233875142,0.5520046727163002,0.9615008703130875,0.947145641871093,0.9638836310590021,0.9489054589138163,0.30840534238845363,0.30447258742709954,0.30823662829741666,0.30470915870062965
ISIC_0026138.jpg,akiec,malignant,654.3472862177725,938.3703239623833,654.2574944320706,957.613572732614,4.548911148209961,6.097307688017708,4.550738678544967,6.19753784146573,0.6975751011308435,0.675178111848413,0.6957709151356192,0.6740781738594549,0.5688976940198227,0.5616796721863849,0.5670123570133859,0.5615248651905067,0.9692312761861155,0.955915491499538,0.9692643047915896,0.955011304251768,0.3236445862610718,0.3154840541474049,0.3215030130058754,0.3153101742272167,790.6385716935555,1077.2099862056837,785.9508314773555,1094.2835126101309,4.875826377295438,6.424043784927472,4.880690423162617,6.520737978293599,0.7180315422183992,0.6976017155228722,0.7148997800662282,0.6977845308026662,0.6013611946116144,0.5933425784231504,0.5997777990618893,0.5933738731965673,0.9491984775545841,0.9308364994087132,0.9495593541819922,0.9297399193113174,0.361635286384708,0.3520554153698324,0.35973340824752403,0.352092553392296,682.5389612316793,931.3471598916018,680.2275389755051,949.8239828073027,4.627798182155412,6.13400210447273,4.635178173719429,6.23137300103012,0.7198878433959355,0.6973066634172808,0.7171123006077298,0.6972017672525196,0.619725968161814,0.6132426824689593,0.6184536846255555,0.6131469614898902,0.9490253047285652,0.9305041499615605,0.9492497127872409,0.9291251279107161,0.38406027561409767,0.3760665876017248,0.382484960026926,0.375949196384285
ISIC_0025948.jpg,akiec,malignant,118.89663884251755,178.76615442964908,135.22724201930987,188.16901963557734,1.92060471155634,2.4889440827516114,2.028637713437329,2.5487021799514467,0.7874405533613172,0.7764951071822399,0.786367948193334,0.775870274815711,0.7266531317266156,0.7244723392477915,0.726267325994383,0.7244272278254497,0.9908452012324369,0.986254886197558,0.9895905386952523,0.9855319112432751,0.5280247738480982,0.5248601703351672,0.5274642288070315,0.5247948084148659,143.5057503246146,199.29549248750456,159.44934298441532,209.16767738363677,2.2912891856798447,2.9285780681242155,2.399677060133691,2.9922253495992934,0.7883395836524894,0.7785332540003729,0.7869674178424612,0.7779192054213879,0.7346165336364284,0.7321355211146209,0.7341158796166012,0.7320045898472948,0.9745340750710545,0.9646861598034062,0.9717116750119783,0.9629368740796599,0.5396614514920017,0.5360224212777774,0.5389261247052561,0.5358307195575063,168.11008718234228,234.44340790704413,188.03615812918252,247.9199147800426,2.5251938415878485,3.236214031552508,2.64962509279888,3.332603336667574,0.78429373781031,0.774538203078021,0.7831835912503524,0.7730433525007965,0.7390416405024374,0.7365450377618311,0.7381929265777745,0.7362217739036226,0.9684377022749371,0.9560494563904209,0.9647045780952749,0.9535230479564453,0.5461825463965339,0.5424985926515772,0.5449287968494595,0.5420225003697969
ISIC_0025368.jpg,akiec,malignant,766.9511667594134,1169.1162962770406,800.2647995545686,1109.4635974583011,5.3772843628269165,7.592970466739474,5.604769858945864,7.295358634100831,0.6380839439859823,0.602349729857626,0.6310745241076948,0.6030248520025707,0.4595532954774465,0.45263257146084823,0.4593454220153991,0.45318106817818693,0.9661880894062296,0.9484505428203691,0.9647272578879793,0.9510808055471036,0.21118923138418125,0.2048762447472599,0.21099821672650507,0.2053730805551225,1044.4950547208268,1498.5127067756093,1079.0350779509988,1428.5714312272812,6.075169727323328,8.3948934936105,6.327824795842645,8.082479708199813,0.6533109207451903,0.6218647818106704,0.645816970029042,0.622293108534243,0.49619632134444314,0.4879788176689077,0.4954420190375894,0.4886857029775454,0.9495966316351974,0.9276672645880547,0.9479428360768011,0.9310433697617929,0.24621078931575788,0.2381233264935451,0.24546279422804307,0.2388137162946577,1047.5601075867173,1508.2769500764352,1083.931688938377,1439.2412558421597,6.171007234279346,8.58684295652389,6.429706755753543,8.257730962145661,0.6526606281478383,0.6170435737060629,0.6461493349517622,0.6195485664917955,0.519449020832666,0.5114777356292914,0.5184864611454092,0.5128385016004396,0.9478034041124997,0.9248249556341763,0.9459978797913381,0.9282659174237454,0.2698272852440155,0.2616094740444673,0.26882821039108995,0.2630033287237841
ISIC_0024710.jpg,akiec,malignant,357.79008347245286,544.1960282728404,352.8402858203414,492.5511784674798,3.0425338527174652,4.195916728326208,3.020805493689706,3.925094162133815,0.6885871221365104,0.6615807840742036,0.6886568674552083,0.6621227551212757,0.5286542966083856,0.5243177263695104,0.528501929554416,0.5243298836255207,0.9846272436300154,0.976634721618346,0.9848440252477622,0.9788521143040451,0.2794753653225069,0.2749090781852927,0.27931428954274085,0.2749218268627521,513.6871452420759,730.9971556157461,503.37740163326373,671.0813047730179,3.766885549990726,5.1354856460845015,3.7606161841128443,4.833200099646639,0.6775440059390946,0.6514922388303754,0.6759767733965106,0.6531985089031207,0.5476882525904023,0.5422873793745667,0.5474931871583112,0.5428608329112863,0.9674706888295274,0.9537414402755375,0.9681379770951539,0.9575330021760897,0.29996242202552836,0.2940756018289352,0.29974878998476556,0.29469788390913554,411.2828974216319,602.7917985060905,407.4406755753581,545.9105376072573,3.3160118716379436,4.578718800079139,3.324031180400916,4.28906752531153,0.6833129787209354,0.655892617384008,0.6814750363990051,0.6578394672558048,0.5498330052317715,0.5475083307412312,0.5496079188621269,0.5476455527811027,0.9754339481413762,0.9640225873452597,0.975671084653053,0.9674175250347801,0.30231633364220123,0.29976537223104943,0.3020688644759582,0.2999156514809196
ISIC_0024923.jpg,akiec,malignant,646.0259469486201,991.0257295939009,654.5848737936184,880.4957482961885,4.510064923019828,6.389873991916924,4.574561989606598,5.794438392123642,0.6980546616717518,0.670253686166067,0.6960452093498006,0.6753387515205738,0.5472521790325022,0.5403297741754428,0.5470355481741033,0.5411450986015863,0.9694948550083611,0.9532209712858071,0.9691007411606984,0.9584382758029663,0.2994849474558218,0.291956264860485,0.2992478909661417,0.2928380177405206,863.9438842515333,1256.1326561344094,873.0345248700844,1120.6188413503012,5.117558894453724,7.127090064733128,5.1879547141796944,6.449338355313887,0.7089816851818791,0.683412257449631,0.7062682277719772,0.6885309536617819,0.5780541445711038,0.5699880557748542,0.5774547522355276,0.5716546229458153,0.9531582309936589,0.9319066289621732,0.9526891072839049,0.9392526366415818,0.33414659405583064,0.3248863837259983,0.3334539908793945,0.3267890079353222,871.0278464106832,1267.7103896248989,879.5126429101728,1133.3213708073472,5.210951585976604,7.293161207803834,5.274929472902789,6.603946443776151,0.7099532575526326,0.6814937913347674,0.7079639666052151,0.6864534849477656,0.5987995446633172,0.5907792974184378,0.5982172879572533,0.5926469648925532,0.9508786362094162,0.9285164703773019,0.9504262111076117,0.9360943251913327,0.358560894688996,0.349020178258223,0.35786392361093133,0.3512304249963552
ISIC_0031043.jpg,akiec,malignant,470.9554331292892,689.3688627296676,456.00712694877814,676.2694356964894,3.8777406789092956,5.232339719874812,3.7932665181886027,5.1435503121388075,0.6492081857075508,0.6187799975480163,0.6486939033916905,0.6200628245856596,0.48566728860454067,0.4813854241013331,0.48527891389466093,0.48119414525137927,0.9778102755929168,0.9675249075266822,0.9785128646570919,0.9681420042951482,0.2358727152204862,0.23173192653722033,0.23549562427078174,0.2315478054242055,613.1168354665177,844.7986622098662,591.7014550853805,832.3052489115308,4.516271563717287,5.991385047834142,4.402063845582799,5.895352685061722,0.6436112054083163,0.6166147243471555,0.6442224749200381,0.6173987536632067,0.507073172490183,0.5019515317035879,0.5066733817885797,0.5018168118409271,0.9620051994110886,0.9476543977460367,0.963331453048304,0.9484285676808812,0.2571232022592589,0.25195534017957794,0.2567179158130758,0.25182011264619236,634.6476980152135,878.8900097043899,609.059922049001,864.1209439637942,4.6632276015581535,6.222453160613082,4.520538233110656,6.0945599756091156,0.6405376083679316,0.6133678961520396,0.6423423853929007,0.6157578604535854,0.522486910007113,0.518714319744791,0.5221609445149016,0.5189340486508229,0.9616618668443514,0.9469118013319467,0.9632082581965398,0.9478038965002774,0.27299257112878106,0.2690645455083012,0.2726520519766941,0.2692925468491346
ISIC_0027184.jpg,akiec,malignant,411.02589130031305,642.1687519288206,427.55025612472025,599.85931266293,3.9099944351697045,5.43114545028673,4.011763177431324,5.162977642767864,0.6121378034160553,0.5770638806248539,0.6117774250457143,0.5806235999901778,0.41994469269431517,0.4134063816586,0.4189520364538034,0.41378340586896284,0.9820618292918724,0.9719770018284449,0.9813411164102459,0.9738232900078825,0.1763535449221228,0.17090483639605605,0.175520808848789,0.17121670697251884,633.9091040623259,905.0603715918696,651.0788789903561,853.4494796450086,4.91319235763305,6.6505274194929065,5.010274684484075,6.338883291008535,0.5962681866918683,0.5653271983177585,0.5953361000185589,0.5675364606982455,0.44560647581576074,0.4382249609898507,0.44471106634916624,0.4387794636707935,0.9614159570833126,0.9449213143749469,0.9603814119127584,0.9480621163452707,0.19856513128894218,0.19204111643455618,0.19776793253341252,0.1925274177392292,567.0768020775392,810.3815639280285,585.1906941351153,766.7597778034146,4.768733073641245,6.470717714379386,4.8691722345954105,6.189718573271938,0.596432142732313,0.5610295096482856,0.5953274240485975,0.5638536053620667,0.4533381255563699,0.44532268076472165,0.4525216293858832,0.4459149340075264,0.9639935634503536,0.94855429230528,0.9628458121980109,0.9513234856371159,0.20551545608296296,0.1983122900034782,0.2047758250620546,0.19884012837093665
ISIC_0032854.jpg,akiec,malignant,565.0450899647577,819.3672081531874,560.5244840386035,777.7829381560416,4.670524948989086,6.308844361984379,4.661477357089882,6.103100564787047,0.6140999800066167,0.5821881741974089,0.6107671343326341,0.5801614661025748,0.405431451677826,0.40049144177811186,0.4049977298516657,0.4006824091242082,0.9657827228226412,0.9503880389430204,0.966053525504124,0.9529059321870206,0.16437466200958936,0.16039339493751076,0.16402316118500282,0.16054639298157938,638.8519977740721,893.6303415864095,633.3615961395715,850.639480797644,5.019469486180674,6.720949169179705,5.009205642167837,6.525742607389659,0.6214288016665942,0.5899952597586035,0.6185087211725254,0.5880983858110319,0.4372992178434649,0.43032028241912557,0.43669245352751906,0.4307796170396509,0.9514576641731253,0.9321013986915944,0.9518680560750031,0.9353678602724967,0.19123060592650618,0.185175545461276,0.19070029896788437,0.18557107845682827,638.0012465219795,899.0975493677604,631.6731031922823,853.3491676922824,4.982118345390459,6.680432495138754,4.980460282108442,6.4889812642453615,0.6201093786124131,0.5921022224792832,0.6154418587918493,0.5893630945559512,0.44590844079594044,0.4443912946425085,0.4444575460261582,0.44497677946878783,0.9555352889470373,0.937335652189733,0.9559759797779916,0.9405241621326658,0.19883433757306673,0.1974836227540448,0.19754251021959454,0.19800433426641423
ISIC_0024763.jpg,akiec,malignant,390.4374884065958,576.778889091329,352.7450779509989,512.6980676777592,3.898746058245157,5.232711534814938,3.6841573867854285,4.889463136407792,0.5127705197930157,0.46330010847643893,0.5149831116049495,0.46463730838038525,0.22629193622486496,0.222324104234631,0.2270364644213976,0.22250777176798908,0.9783469056000512,0.9679926064649187,0.9804320904918907,0.9715485679174293,0.05120804040039835,0.04942800732373107,0.051545556176968536,0.049509708497155525,515.769556668521,705.665652851271,469.17903118040243,634.2599953151389,4.704989797811149,6.218407814062857,4.430070527097261,5.813973549085214,0.47684443252082775,0.43012722644081897,0.48411063116291675,0.4353897231985843,0.2455262977441621,0.24066935801064065,0.24666454731937307,0.24178954041574724,0.9600208120296978,0.9452679144883117,0.9636202147280526,0.9508060231101657,0.06028316288395494,0.05792173988525392,0.06084339890427124,0.05846218185445826,509.4625153032809,701.1571364300609,461.1358426132138,630.9940063431658,4.639914672602452,6.165453930269881,4.365939123979217,5.765552089414093,0.4817013200987599,0.4322758961522162,0.48782706575237594,0.4377435064481552,0.2550451572919089,0.25034257932665205,0.255645678332384,0.25150193466353277,0.9610950835230244,0.9464249672069908,0.9647744496116123,0.9517859158881369,0.06504803225805456,0.06267140702392109,0.06535471285002474,0.0632532231394999
ISIC_0033550.jpg,akiec,malignant,173.29016138008356,244.65758818524182,164.79516703787067,235.15061479603582,2.2254609534409546,2.831805793620706,2.1764736451374267,2.748467192909037,0.7931959519678531,0.7843021746346275,0.794055322053594,0.785685315536059,0.7211980968880578,0.7191412772752152,0.7204049940089967,0.7192158492224545,0.9771906877719712,0.9678209884074662,0.9783346247751431,0.9690713916820103,0.5201266949549563,0.5171641766810279,0.5189833553931026,0.5172714377727765,164.03981079577392,222.58249643989492,155.1339272457373,216.54286468540926,2.1828862919681327,2.7484151388173443,2.14034892353384,2.6814996040173082,0.8041973817300085,0.7956627465590548,0.8043732672669718,0.7977040480468972,0.7337235696573808,0.7315098365149636,0.7333051103210679,0.7318903209044892,0.9680115007231811,0.9566175235323093,0.9697904868768998,0.9577946598368784,0.5383502766707694,0.5351066409181487,0.5377363848229936,0.5356634418336763,157.78044147653767,214.72031708380283,150.14912397921825,209.3146558295218,2.181480244852563,2.759104818350046,2.140334075723894,2.68900282951193,0.8032955264979565,0.7936537687613409,0.8040420578924133,0.7955367582396647,0.7394393365653957,0.737324202402548,0.7392338938806741,0.7377832698040605,0.9660297610855596,0.9537907426110865,0.9677164769191984,0.9549540532403531,0.5467705324602725,0.5436469794485537,0.5464667498619836,0.544324153202771
ISIC_0024372.jpg,akiec,malignant,331.34352439250813,486.6272257772132,330.0318411284382,481.8707459723431,2.861461695418273,3.8687827894302407,2.8781662954714395,3.8277641652198904,0.737543295205195,0.7154412232998988,0.7349300379554822,0.7172021900654606,0.6211235546231929,0.6170138064310466,0.6204334451154812,0.6175023861061236,0.9820173338416875,0.973610195497852,0.982108643602503,0.9738682501604937,0.3857944701077505,0.3807060373265291,0.38493765981786476,0.38130919684675624,383.74534223706524,533.3512944737407,381.84572011878424,529.3728671765735,3.15380077907623,4.217705083825864,3.1893578322197667,4.162103877658185,0.7404657049122436,0.7191289091036699,0.7366911853069906,0.7209936494229312,0.6366193451514099,0.6316841123084009,0.6358166606770916,0.6317694212393945,0.9675736571807643,0.9549587466821989,0.9677852747895328,0.9552951144697144,0.40528419062101007,0.39902481774285253,0.4042628259945679,0.39913260161315955,403.8214950844046,566.3313057025588,401.92612843356216,562.3026350525163,3.2211611945835794,4.331484173697319,3.2624239049740527,4.285665418608112,0.7414030335329683,0.721627033382779,0.7373095946677496,0.7229615204591632,0.6515045772996614,0.6489814751397263,0.6505878190342844,0.649086589627885,0.9693733282949084,0.9570680568420533,0.969568350827916,0.957373901403236,0.4244582142424104,0.4211769550745351,0.4232645102757869,0.4213134008347584
ISIC_0028990.jpg,akiec,malignant,455.13351511778734,669.5042963216752,442.39426503340684,621.4333242858751,3.419168985345932,4.67149034582531,3.3352078693393126,4.3368048454925185,0.751830473444389,0.7337216773413611,0.7532496670757975,0.73881444485016,0.6537479958362178,0.6485578175346423,0.6538750254878117,0.6484187830332456,0.972541091513818,0.9596370639916642,0.9733147444671644,0.9625352185728396,0.4273864420598714,0.4206272426852984,0.42755254895668643,0.4204469181903152,598.9105509182007,830.7060133630503,578.2112509279899,776.1455878580299,3.9069671675013766,5.239419076337497,3.8002635486265968,4.850110243129907,0.7612134191419357,0.7457735391550396,0.762488193762907,0.7512033630039153,0.6771348827272015,0.670952987910709,0.6771540438093809,0.671400623572346,0.9545661984703039,0.9370160124367028,0.9561452696580366,0.9411528664301225,0.4585116494059809,0.450177911986308,0.458537599047397,0.45077879733333504,516.8061027638661,726.0333071823717,499.9651484780988,678.3513242189362,3.5953440920051842,4.853047581158072,3.497308834446938,4.485445304163352,0.7655403245561111,0.7513612728036317,0.7668207486951656,0.7568606860278527,0.6904449780204003,0.6881112725922433,0.6902352462874864,0.6884872255249723,0.9600653968011695,0.9439241525593979,0.9613791277498785,0.9476070616623468,0.4767142676735911,0.4734971234685165,0.4764246952175471,0.47401465971107415
ISIC_0026981.jpg,akiec,malignant,249.09320719718232,340.57892329831674,229.76863028953673,351.573881487727,2.191630495269883,2.775881108454819,2.079580549369007,2.845971942844748,0.7975659597136912,0.7855936369559944,0.798113940629371,0.7842848740250498,0.71493293181108,0.7123192196763536,0.7148982891535423,0.7120629962451586,0.9845265984269801,0.9788556272893275,0.9857345240188676,0.9781730130717169,0.5111290969879864,0.5073986707203293,0.5110795638346617,0.5070337106216327,234.7406974587298,306.74296061365783,217.98943949517914,316.52797349704446,2.147701725097398,2.687225554097352,2.0417409057164346,2.75356105759054,0.8074254797223758,0.7960621368414701,0.8082064717457879,0.7951515429003101,0.7273658114605818,0.7244633252284828,0.7274037101364302,0.7240972522401316,0.9742606694733367,0.9663748435004309,0.9761114730868122,0.9653021711304658,0.5290610236817106,0.5248471096011104,0.5291161575202438,0.5243168307017086,227.6014691151937,298.0076965692779,211.30369710468028,308.0358875780505,2.145464663327763,2.701577610791694,2.035619896065344,2.761476997668856,0.8076121477906398,0.794341622470104,0.8083511684700371,0.7945290493748256,0.7370564646174513,0.7344460904423538,0.7369523298342657,0.7345650979839132,0.9733172294681012,0.9650650347230334,0.9752443175810417,0.9638893902182483,0.5432522320343763,0.5394110597660581,0.5430987364481524,0.5395858831761161
ISIC_0027447.jpg,akiec,malignant,479.14763494713384,726.6588449197509,501.3761841128491,738.6583801510767,3.7821072157299014,5.209837479689886,3.9123459539718186,5.270707303561174,0.7559715385079376,0.7373731525295871,0.7550835683369056,0.7375629640610606,0.6629407266507259,0.6560216236950915,0.6627814864981318,0.6565363482511537,0.970409085037592,0.9551450881421635,0.9690378315974867,0.9544046966001429,0.4394904070521925,0.43036437075554435,0.43927929884467326,0.4310399765749601,630.8759784826589,875.4999349324097,653.8766258351916,885.3350721878959,4.147082173993697,5.536937955241084,4.26773942093541,5.586619867559688,0.7741427573380583,0.7586304260030003,0.7740233154535578,0.7587632154244524,0.6937310090386045,0.685813186346429,0.6934320995013666,0.6861862276951699,0.9418735637913028,0.9193561831885175,0.9397495898007526,0.9184508365593709,0.4812627129017204,0.47033972656664175,0.4808480766188733,0.47085153907852756,554.4175403450208,765.0153857022484,573.637435040838,774.8200527233867,4.1247931738082135,5.520302954813501,4.231109873793632,5.563117445185381,0.7676944205864886,0.7479551053275446,0.7681391117438132,0.7484390949092976,0.7045945421262407,0.6962837226378872,0.7044192272694517,0.6964306938316418,0.9381879620470421,0.9147620160407346,0.9360443905145653,0.913670160891714,0.49645346879408686,0.48481102241047425,0.49620644774689154,0.48501571131082194
ISIC_0027650.jpg,akiec,malignant,837.8757929883164,1087.7877308506322,874.6843838158854,1430.98719469349,6.572613615284735,8.065714572543193,6.801837416481113,9.914203702533477,0.5442126347415301,0.5144998785844643,0.5409869365748381,0.5053966829619674,0.3586650057955634,0.3506281269160914,0.3585218416781223,0.3493100961061343,0.9659837425403917,0.9558410960390554,0.9644877208656994,0.9419088072297569,0.1286405863823315,0.1229400833846867,0.1285379109602726,0.12201754324167677,1171.9977221294744,1433.5380534000847,1216.591481069043,1823.8020308532302,7.637536635132614,9.161568464144185,7.889038604305889,11.1910942885509,0.5595279402817769,0.5358240510179594,0.5561239116547192,0.5225059618377985,0.40480634905230956,0.3961156456459196,0.4039257759890865,0.39097822452142833,0.9387179164539563,0.9250471219943632,0.9363813445447722,0.904642014331707,0.16386818023306027,0.15690760472548376,0.1631560325083857,0.1528639720499284,1161.8912038582855,1437.1398172901575,1207.3585597624328,1840.3596528736027,7.379922092376178,8.89563898256579,7.623749072011938,10.898933262936588,0.5702340549135938,0.5510792826603277,0.5671405694513265,0.5388054481524316,0.43342328828412824,0.4323134452540922,0.4323609400740861,0.4282462975130687,0.9419944158582829,0.9282476979975157,0.9397141857371448,0.9081159820289766,0.18785574682702655,0.18689491494746296,0.18693598250174748,0.18339489133365175
ISIC_0029133.jpg,akiec,malignant,291.0753997403101,415.0739948912947,272.9326206384563,425.5167893036585,2.824908180300511,3.701031042829617,2.694966592427648,3.759294443969614,0.7352877549826332,0.7144234437149829,0.7394572356405686,0.7135216508683276,0.6122890991099861,0.608943276838303,0.612187659300193,0.6088464405714172,0.9803943882066425,0.9720608368371716,0.9816221184178543,0.971357903117036,0.3748979408889183,0.37081191440657013,0.3747737301994492,0.37069398819648436,337.0769764422213,446.8857970411127,315.5230920564243,455.8204468472127,3.119447226859587,4.0064547073631775,2.98243875278399,4.059085112158115,0.7382034317906151,0.7191786364453215,0.7412702413695685,0.7184294612198644,0.6307778825460676,0.6267415763473425,0.6307133879927181,0.6264649341523777,0.9604911987212321,0.9476495967483204,0.9630241921131767,0.9466026427772918,0.3978807371093006,0.3928050035223518,0.397799377793253,0.392458313722543,376.1558263772989,506.7720662871932,352.60823682257023,515.7196515350622,3.3041847523650563,4.2855241289307395,3.1580660727542726,4.337972344404948,0.731527772536079,0.7141633501902306,0.7347379783469893,0.7125499306541686,0.6404163716088206,0.6381340028014355,0.6398269594715841,0.6379593886268053,0.9656470911652183,0.953748887837794,0.9678077963982302,0.9529320797516262,0.410133129024607,0.40721500553138257,0.40937853806665203,0.4069921815370872
ISIC_0027334.jpg,akiec,malignant,173.8031422741622,254.88707980264834,215.2955270972546,294.7228528616822,1.5607827861250336,2.114954025082695,1.761770601336315,2.300173637577172,0.7800951681494155,0.7520633218588441,0.776785438365706,0.7525193786315103,0.6103212692902532,0.6080806487290544,0.6094378314653704,0.6080016651819066,0.990756809129112,0.9864570374177852,0.9885532552103063,0.9843404281580637,0.3724920517480658,0.36976207535874767,0.3714144704212132,0.3696660248639712,199.8353069931393,287.0800257296006,244.5625241276938,331.82953772249397,1.715626043405686,2.335094496767132,1.930527097253166,2.532208469200788,0.7729184664263373,0.7449864678522414,0.7693701856011202,0.7447956759191673,0.6178128827893824,0.6159289737562749,0.6170209107063775,0.615438741362138,0.9868697391160918,0.9811523842797808,0.983936005499657,0.9782144271554843,0.3816927581405272,0.379368500712458,0.38071480424892756,0.3787648443694127,197.94177703580192,284.9730248260915,241.9781885671883,328.72277849869596,1.7477276943053255,2.384992061751103,1.9584335560504935,2.576848570929364,0.7685311615555286,0.7391050747947375,0.7655414834259126,0.7400465420924195,0.6221315017693194,0.6206093166940699,0.6210700606586427,0.6201822587200494,0.9867799564212911,0.9809820801807249,0.98384431004949,0.9780623842847225,0.3870476054937487,0.3851559239674804,0.38572802024653,0.38462603403110235
ISIC_0029533.jpg,akiec,malignant,368.39459469486326,543.459239787195,365.14860430586543,534.1866436637388,2.7560860693748968,3.745656271960457,2.7368448403860537,3.698807589486711,0.7682788938552674,0.7455500462123886,0.7685025970036483,0.7455917539748069,0.6264479557052581,0.6218055061817589,0.6254524456900544,0.622074626710534,0.9828887897856291,0.9747759214530389,0.9830658341642405,0.9752063202272344,0.3924370412072971,0.38664208751795337,0.3911907618196705,0.38697684119705034,500.1058913003173,693.3575484010245,494.71478470675686,682.5631174451981,3.164359117046927,4.2371881866958185,3.1639309576837586,4.181642752769186,0.7683618510861433,0.7452155199976,0.7653380962278316,0.7453276512720375,0.6452149303079853,0.639742558335239,0.6440733211352853,0.6399757496862661,0.9694610537230923,0.957684135411483,0.9698590007774593,0.9583430005772884,0.4163023062923383,0.4092705409453167,0.4148304429982363,0.40956896018649835,448.82402522723146,627.4678658938137,444.2253971789192,620.1961100721161,3.038159896123156,4.098211198322544,3.0425835189309716,4.05412881900434,0.7671931181765932,0.7442048392859394,0.7643676752060778,0.7441352212329226,0.6561930513491582,0.6530690099819311,0.6550022485780862,0.6530141566088868,0.9707240556751243,0.9590820123322011,0.9710940449484547,0.9595563478955992,0.4305893206389189,0.4264991317987795,0.42902794564234903,0.4264274887316158
ISIC_0030076.jpg,akiec,malignant,264.95755889445184,383.2731575640359,277.96249814402506,402.3141613156465,3.038404748655157,4.048480950061715,3.17337416481073,4.183728634584146,0.6365872905993369,0.6044491836575281,0.6289880387938355,0.6017990981670372,0.46262928356238353,0.45931464352687823,0.46196284068194193,0.4587105129994551,0.9799586038519758,0.9710076297023957,0.9789702690457381,0.9695672753092205,0.2140258540094443,0.2109699417582232,0.21340966617092924,0.21041533473622326,228.55596364310946,316.3710192563057,239.07163325909792,331.69743559236764,2.904195882025601,3.8378515045492803,3.034372680029705,3.9539804648431733,0.6482711572804373,0.6166769452168162,0.6401508210885151,0.6139274131003918,0.47984513631665604,0.47615349989788186,0.47891633558445884,0.47529314858154803,0.9680716083324297,0.9557875979504039,0.9665899854144807,0.9536456827861511,0.23025135484675022,0.22672215546500216,0.22936085648964602,0.22590357708856149,243.02720460026111,335.2082721388045,252.8011395694178,350.0452387237973,3.1443628269337704,4.1679711174156076,3.274851521900543,4.291506631319629,0.6376220922415006,0.6042322599976634,0.6304607294495673,0.6019002302202101,0.48835639284196447,0.48380632282494623,0.4874050023264832,0.4830585645226163,0.9636831889226278,0.9498948837157718,0.9622023490612486,0.9476770151126958,0.23849196642961515,0.2340685580053961,0.23756363629287908,0.23334557675865064
ISIC_0027084.jpg,akiec,malignant,307.09378593953016,407.3627500920382,292.73197475872604,460.3778755238089,2.6614283064366706,3.3371617878350635,2.582175204157402,3.5886165137888675,0.7660576317990586,0.7503350053407172,0.7659303013540556,0.750092845114343,0.6740242754844951,0.6710339472241436,0.6740032599642812,0.6710071354074706,0.9830255967910204,0.9775075088395615,0.983835013695293,0.9745803639822035,0.45430872394239846,0.45028655832721465,0.45428039444247853,0.4502505757677396,363.2299981450587,465.53643972323806,347.6132108389037,522.6435781982753,2.939840474865525,3.6677870690201333,2.8649851521900636,3.9106119702103124,0.7680656373899177,0.7547740012488434,0.7674440950058116,0.7543960150371983,0.688059200631218,0.6854405648135117,0.6880519644417266,0.6847972512574071,0.9728719900617211,0.9652622888227602,0.974072145990508,0.961001225305744,0.4734254635732707,0.4698287678918659,0.473415505772119,0.4689472753297003,361.5453236876302,464.80921803601916,345.7069487750584,518.252213228448,3.0264811723242464,3.7973385486577174,2.949257609502623,4.041066960152697,0.765035168140737,0.7502816792320826,0.7648324249514904,0.7489953724774225,0.6950405892336587,0.691934765415178,0.6949151553955928,0.6910345041789594,0.9702455021897878,0.9617830436253647,0.9715838239804342,0.9573891151173912,0.48308142068227156,0.4787737195901574,0.48290707319848086,0.47752868596586023
ISIC_0028558.jpg,akiec,malignant,483.70688925987787,686.4457020052165,492.6198515219023,727.3071042680828,3.540285661287321,4.714918330848494,3.6366889383816132,4.943625418756701,0.7239034213047598,0.694692471509234,0.7157838823482536,0.6909038241778764,0.5573984792735842,0.5523799931086105,0.5562737406060323,0.5522661051343468,0.978307669710164,0.9692241846971646,0.9779150221003996,0.9673921687736691,0.3106930646965043,0.3051236567866686,0.30944047448782724,0.3049978508802614,685.6716564644767,923.0382746299643,696.1755493689694,970.7732114771943,4.153311074012234,5.4478585318516055,4.275824053452124,5.69340883655393,0.7234725296063045,0.6958202391654017,0.7153286271758018,0.6929433384158348,0.579760417046401,0.5740317330996597,0.5789159575613831,0.5732938895932368,0.9644805352751231,0.9521965215551849,0.9639519809344,0.9497242854660989,0.3361221411738168,0.3295124306053989,0.33514368591921323,0.3286658838449424,658.66057503246,899.7808745831194,670.9116815144776,948.8163382921254,4.01259135596363,5.286093005789264,4.127598366740935,5.5217827782757105,0.7260321861860963,0.7007385190586486,0.7170369273860421,0.6980160370002002,0.586644149004788,0.58545028186278,0.5854508070484103,0.5854658577458927,0.969608058736041,0.9584832921890204,0.9690543154115184,0.9562206693767155,0.3441513575615519,0.3427520325332086,0.342752647473635,0.34277027058613385
ISIC_0031431.jpg,akiec,malignant,336.5847004266349,482.72080787951836,322.60516703786493,484.0675587746634,2.565446113893515,3.422437544385519,2.501744617668913,3.4117664555998384,0.795960409089846,0.7777766343287165,0.7955483906106333,0.7787730971841813,0.6981035337111092,0.6931717924028895,0.6979718613638224,0.6932134342546058,0.9814506903780663,0.9734240845045605,0.9822265161285152,0.9733500461951557,0.48734854377993786,0.4804871337830345,0.48716471925567884,0.48054486543106467,469.14425153032926,629.5159266929746,447.21407943578595,630.1264207978468,2.9734409200519427,3.900316414514239,2.907724573125474,3.8780781629367915,0.7981832543777924,0.7820218426863376,0.7970076962270358,0.782447418725366,0.7163027370670446,0.7114079842439349,0.7164238408899506,0.7113268758190981,0.9659440998745835,0.9543405237279985,0.967545838645202,0.9542966783813474,0.5130896111297396,0.5061013200460187,0.5132631197955092,0.5059859242625587,432.15793359302677,577.1983298072989,411.80327023014286,577.2489933110588,2.9870636245594553,3.9293923428432174,2.9233667409057165,3.909567170228092,0.7949853146069822,0.7760879093614119,0.7943239222835968,0.7768189630892268,0.7257828368181571,0.720401060069009,0.7257305643442878,0.7205155484632101,0.9613125508868887,0.948368959754254,0.9631458444407711,0.9483649842806176,0.5267607262198117,0.5189776873485519,0.5266848520234785,0.5191426555772404
ISIC_0026212.jpg,akiec,malignant,962.8866406974613,1445.551609772813,978.5868634001523,1333.4344099855052,6.654149508439967,9.310584455904886,6.761087602078804,8.691880677149648,0.5640518932359585,0.5291644032228554,0.5614265109186656,0.5347851148744761,0.375843681572472,0.36819069906802676,0.37589285596987143,0.3690441108718873,0.9564753698375145,0.9346517317286079,0.9557579993053981,0.9397201699763513,0.14125847297794972,0.13556439088020225,0.1412954391691865,0.13619355576922187,933.892405861622,1330.5084569308535,943.1138604305855,1234.8231127603533,6.555503617139662,9.033779387323683,6.650348923533836,8.42727857490793,0.5998702126701605,0.5659152958211956,0.5960355912825815,0.5735070088956746,0.4226666867573316,0.4121333675650451,0.42261968487348883,0.4142667965968576,0.9371464570016504,0.9104462505213647,0.9365164024302709,0.916886725355651,0.17864712809442027,0.16985391266050456,0.178607398042567,0.17161697876262222,1165.5812353923197,1684.175102528009,1178.1521195248642,1560.7701402858092,7.193908365794808,9.948042580247257,7.299959168522747,9.297485415559198,0.582383214998892,0.5545490569827672,0.579187173105709,0.5605259394889824,0.4232718172129595,0.42149777853138715,0.42260068670485423,0.4222139633240292,0.9442955564902936,0.919498411050699,0.9436863168483302,0.9253971380856565,0.17915903124676097,0.17766037730689427,0.17859134040341434,0.1782646308257847
ISIC_0025069.jpg,akiec,malignant,124.7853533667236,172.67149034584543,116.38458797327883,182.57653624640173,1.4444592839918564,1.845964506545974,1.411232368225722,1.8759030455363581,0.8558161520089802,0.8471995547130816,0.8556241319919226,0.8474843703721924,0.811605185574403,0.8097117161057772,0.811681756337492,0.809696478658942,0.9876116543315335,0.9828887543089228,0.9884509046055953,0.9819071928847007,0.658702977251261,0.6556330631989626,0.6588272735711156,0.6556083875526906,163.38938972361524,214.5267353532936,153.73501855976713,224.71255358784316,1.7110072342793732,2.1465620131549468,1.681224944320728,2.189060460827568,0.8564216215077696,0.8493517814137508,0.8560257495818642,0.8492551821685815,0.8175952579197872,0.8156771844357971,0.8176194548001218,0.8157206285408124,0.9754347346852462,0.9678056914986346,0.9768968839159627,0.9662770923986574,0.6684620057729233,0.6653292692091093,0.6685015728676484,0.6654001438270181,163.32396215915375,216.24431959726505,155.12567928730894,225.06184397903056,1.8360749397143472,2.3255314165035355,1.8038455827765618,2.36995586556673,0.8521207728420935,0.8447190635737017,0.8525027669336931,0.8442663358572322,0.8205438842625854,0.8185182515053675,0.8207035245199219,0.8186253352809422,0.9731947100512526,0.9645743728065984,0.9745518801702532,0.9631298662776085,0.6732922660007312,0.6699721280474041,0.6735542751594221,0.6701474395638349
